Authors	Title	Year	Source	Publisher	ArticleURL	CitesURL	GSRank	QueryDate	Type	DOI	ISSN	CitationURL	Volume	Issue	StartPage	EndPage	ECC	CitesPerYear	CitesPerAuthor	AuthorCount	Age	Abstract	FullTextURL	RelatedURL
Predrag Radivojac, Wyatt T. Clark, Tal Ronnen Oron, Alexandra M. Schnoes, Tobias Wittkop, Artem Sokolov, Kiley Graim, Christopher Funk, Karin Verspoor, Asa Ben-Hur, Gaurav Pandey, Jeffrey M. Yunes, Ameet S. Talwalkar, Susanna Repo, Michael L. Souza, Damiano Piovesan, Rita Casadio, Zheng Wang, Jianlin Cheng, Hai Fang, Julian Goughl, Patrik Koskinen, Petri Toronen, Jussi Nokso-Koivisto, Liisa Holm, Domenico Cozzetto, Daniel W. A. Buchan, Kevin Bryson, David T. Jones, Bhakti Limaye, Harshal Inamdar, Avik Datta, Sunitha K. Manjari, Rajendra Joshi, Meghana Chitale, Daisuke Kihara, Andreas M. Lisewski, Serkan Erdin, Eric Venner, Olivier Lichtarge, Robert Rentzsch, Haixuan Yang, Alfonso E. Romero, Prajwal Bhat, Alberto Paccanaro, Tobias Hamp, Rebecca Kassner, Stefan Seemayer, Esmeralda Vicedo, Christian Schaefer, Dominik Achten, Florian Auer, Ariane Boehm, Tatjana Braun, Maximilian Hecht, Mark Heron, Peter Hoenigschmid, Thomas A. Hopf, Stefanie Kaufmann, Michael Kiening, Denis Krompass, Cedric Landerer, Yannick Mahlich, Manfred Roos, Jari Bjorne, Tapio Salakoski, Andrew Wong, Hagit Shatkay, Fanny Gatzmann, Ingolf Sommer, Mark N. Wass, Michael J. E. Sternberg, Nives Skunca, Fran Supek, Matko Bosnjak, Pance Panov, Saso Dzeroski, Tomislav Smuc, Yiannis A. I. Kourmpetis, Aalt D. J. van Dijk, Cajo J. F. ter Braak, Yuanpeng Zhou, Qingtian Gong, Xinran Dong, Weidong Tian, Marco Falda, Paolo Fontana, Enrico Lavezzo, Barbara Di Camillo, Stefano Toppo, Liang Lan, Nemanja Djuric, Yuhong Guo, Slobodan Vucetic, Amos Bairoch, Michal Linial, Patricia C. Babbitt, Steven E. Brenner, Christine Orengo, Burkhard Rost	A large-scale evaluation of computational protein function prediction	2013	Nature Methods				1	2025-07-24 11:04:09	Article	10.1038/NMETH.2340	1548-7091	https://www.webofscience.com/api/gateway?GWVersion=2&SrcApp=publish_or_perish_0000-0003-2642-519x&SrcAuth=WosAPI&KeyUT=WOS:000316650800017&DestLinkType=FullRecord&DestApp=WOS_CPL	10	3	221	227	0	0.00	0	100	12			https://www.webofscience.com/api/gateway?GWVersion=2&SrcApp=publish_or_perish_0000-0003-2642-519x&SrcAuth=WosAPI&KeyUT=WOS:000316650800017&DestLinkType=RelatedRecords&DestApp=WOS_CPL
Naihui Zhou, Yuxiang Jiang, Timothy R. Bergquist, Alexandra J. Lee, Balint Z. Kacsoh, Alex W. Crocker, Kimberley A. Lewis, George Georghiou, Huy N. Nguyen, Md Nafiz Hamid, Larry Davis, Tunca Dogan, Volkan Atalay, Ahmet S. Rifaioglu, Alperen Dalkiran, Rengul Cetin Atalay, Chengxin Zhang, Rebecca L. Hurto, Peter L. Freddolino, Yang Zhang, Prajwal Bhat, Fran Supek, Jose M. Fernandez, Branislava Gemovic, Vladimir R. Perovic, Radoslav S. Davidovic, Neven Sumonja, Nevena Veljkovic, Ehsaneddin Asgari, Mohammad R. K. Mofrad, Giuseppe Profiti, Castrense Savojardo, Pier Luigi Martelli, Rita Casadio, Florian Boecker, Heiko Schoof, Indika Kahanda, Natalie Thurlby, Alice C. McHardy, Alexandre Renaux, Rabie Saidi, Julian Gough, Alex A. Freitas, Magdalena Antczak, Fabio Fabris, Mark N. Wass, Jie Hou, Jianlin Cheng, Zheng Wang, Alfonso E. Romero, Alberto Paccanaro, Haixuan Yang, Tatyana Goldberg, Chenguang Zhao, Liisa Holm, Petri Toronen, Alan J. Medlar, Elaine Zosa, Itamar Borukhov, Ilya Novikov, Angela Wilkins, Olivier Lichtarge, Po-Han Chi, Wei-Cheng Tseng, Michal Linial, Peter W. Rose, Christophe Dessimoz, Vedrana Vidulin, Saso Dzeroski, Ian Sillitoe, Sayoni Das, Jonathan Gill Lees, David T. Jones, Cen Wan, Domenico Cozzetto, Rui Fa, Mateo Torres, Alex Warwick Vesztrocy, Jose Manuel Rodriguez, Michael L. Tress, Marco Frasca, Marco Notaro, Giuliano Grossi, Alessandro Petrini, Matteo Re, Giorgio Valentini, Marco Mesiti, Daniel B. Roche, Jonas Reeb, David W. Ritchie, Sabeur Aridhi, Seyed Ziaeddin Alborzi, Marie-Dominique Devignes, Da Chen Emily Koo, Richard Bonneau, Vladimir Gligorijevic, Meet Barot, Hai Fang, Stefano Toppo, Enrico Lavezzo	The CAFA challenge reports improved protein function prediction and new functional annotations for hundreds of genes through experimental screens	2019	Genome Biology				2	2025-07-24 11:04:09	Article	10.1186/s13059-019-1835-8	1474-760X	https://www.webofscience.com/api/gateway?GWVersion=2&SrcApp=publish_or_perish_0000-0003-2642-519x&SrcAuth=WosAPI&KeyUT=WOS:000498615000001&DestLinkType=FullRecord&DestApp=WOS_CPL	20	1			0	0.00	0	100	6			https://www.webofscience.com/api/gateway?GWVersion=2&SrcApp=publish_or_perish_0000-0003-2642-519x&SrcAuth=WosAPI&KeyUT=WOS:000498615000001&DestLinkType=RelatedRecords&DestApp=WOS_CPL
Yuxiang Jiang, Tal Ronnen Oron, Wyatt T. Clark, Asma R. Bankapur, Daniel D'Andrea, Rosalba Lepore, Christopher S. Funk, Indika Kahanda, Karin M. Verspoor, Asa Ben-Hur, Da Chen Emily Koo, Duncan Penfold-Brown, Dennis Shasha, Noah Youngs, Richard Bonneau, Alexandra Lin, Sayed M. E. Sahraeian, Pier Luigi Martelli, Giuseppe Profiti, Rita Casadio, Renzhi Cao, Zhaolong Zhong, Jianlin Cheng, Adrian Altenhoff, Nives Skunca, Christophe Dessimoz, Tunca Dogan, Kai Hakala, Suwisa Kaewphan, Farrokh Mehryary, Tapio Salakoski, Filip Ginter, Hai Fang, Ben Smithers, Matt Oates, Julian Gough, Petri Toronen, Patrik Koskinen, Liisa Holm, Ching-Tai Chen, Wen-Lian Hsu, Kevin Bryson, Domenico Cozzetto, Federico Minneci, David T. Jones, Samuel Chapman, B. K. C. Dukka, Ishita K. Khan, Daisuke Kihara, Dan Ofer, Nadav Rappoport, Amos Stern, Elena Cibrian-Uhalte, Paul Denny, Rebecca E. Foulger, Reija Hieta, Duncan Legge, Ruth C. Lovering, Michele Magrane, Anna N. Melidoni, Prudence Mutowo-Meullenet, Klemens Pichler, Aleksandra Shypitsyna, Biao Li, Pooya Zakeri, Sarah ElShal, Leon-Charles Tranchevent, Sayoni Das, Natalie L. Dawson, David Lee, Jonathan G. Lees, Ian Sillitoe, Prajwal Bhat, Tamas Nepusz, Alfonso E. Romero, Rajkumar Sasidharan, Haixuan Yang, Alberto Paccanaro, Jesse Gillis, Adriana E. Sedeno-Cortes, Paul Pavlidis, Shou Feng, Juan M. Cejuela, Tatyana Goldberg, Tobias Hamp, Lothar Richter, Asaf Salamov, Toni Gabaldon, Marina Marcet-Houben, Fran Supek, Qingtian Gong, Wei Ning, Yuanpeng Zhou, Weidong Tian, Marco Falda, Paolo Fontana, Enrico Lavezzo, Stefano Toppo, Carlo Ferrari, Manuel Giollo	An expanded evaluation of protein function prediction methods shows an improvement in accuracy	2016	Genome Biology				3	2025-07-24 11:04:09	Article	10.1186/s13059-016-1037-6	1474-760X	https://www.webofscience.com/api/gateway?GWVersion=2&SrcApp=publish_or_perish_0000-0003-2642-519x&SrcAuth=WosAPI&KeyUT=WOS:000383428200001&DestLinkType=FullRecord&DestApp=WOS_CPL	17				0	0.00	0	100	9			https://www.webofscience.com/api/gateway?GWVersion=2&SrcApp=publish_or_perish_0000-0003-2642-519x&SrcAuth=WosAPI&KeyUT=WOS:000383428200001&DestLinkType=RelatedRecords&DestApp=WOS_CPL
Marco Falda, Stefano Toppo, Alessandro Pescarolo, Enrico Lavezzo, Barbara Di Camillo, Andrea Facchinetti, Elisa Cilia, Riccardo Velasco, Paolo Fontana	Argot2: a large scale function prediction tool relying on semantic similarity of weighted Gene Ontology terms	2012	Bmc Bioinformatics				4	2025-07-24 11:04:09	Article	10.1186/1471-2105-13-S4-S14	1471-2105	https://www.webofscience.com/api/gateway?GWVersion=2&SrcApp=publish_or_perish_0000-0003-2642-519x&SrcAuth=WosAPI&KeyUT=WOS:000303936400015&DestLinkType=FullRecord&DestApp=WOS_CPL	13				0	0.00	0	9	13			https://www.webofscience.com/api/gateway?GWVersion=2&SrcApp=publish_or_perish_0000-0003-2642-519x&SrcAuth=WosAPI&KeyUT=WOS:000303936400015&DestLinkType=RelatedRecords&DestApp=WOS_CPL
Francesco Sambo, Francesca Finotello, Enrico Lavezzo, Giacomo Baruzzo, Giulia Masi, Elektra Peta, Marco Falda, Stefano Toppo, Luisa Barzon, Barbara Di Camillo	Optimizing PCR primers targeting the bacterial 16S ribosomal RNA gene	2018	Bmc Bioinformatics				5	2025-07-24 11:04:09	Article	10.1186/s12859-018-2360-6	1471-2105	https://www.webofscience.com/api/gateway?GWVersion=2&SrcApp=publish_or_perish_0000-0003-2642-519x&SrcAuth=WosAPI&KeyUT=WOS:000446211000001&DestLinkType=FullRecord&DestApp=WOS_CPL	19				0	0.00	0	10	7			https://www.webofscience.com/api/gateway?GWVersion=2&SrcApp=publish_or_perish_0000-0003-2642-519x&SrcAuth=WosAPI&KeyUT=WOS:000446211000001&DestLinkType=RelatedRecords&DestApp=WOS_CPL
Enrico Lavezzo, Marco Falda, Paolo Fontana, Luca Bianco, Stefano Toppo	Enhancing protein function prediction with taxonomic constraints - The Argot2.5 web server	2016	Methods				6	2025-07-24 11:04:09	Article	10.1016/j.ymeth.2015.08.021	1046-2023	https://www.webofscience.com/api/gateway?GWVersion=2&SrcApp=publish_or_perish_0000-0003-2642-519x&SrcAuth=WosAPI&KeyUT=WOS:000368555200003&DestLinkType=FullRecord&DestApp=WOS_CPL	93		15	23	0	0.00	0	5	9			https://www.webofscience.com/api/gateway?GWVersion=2&SrcApp=publish_or_perish_0000-0003-2642-519x&SrcAuth=WosAPI&KeyUT=WOS:000368555200003&DestLinkType=RelatedRecords&DestApp=WOS_CPL
S Badaloni, M Falda, M Giacomin	Integrating quantitative and qualitative fuzzy temporal constraints	2004	Ai Communications				7	2025-07-24 11:04:09	Article		0921-7126	https://www.webofscience.com/api/gateway?GWVersion=2&SrcApp=publish_or_perish_0000-0003-2642-519x&SrcAuth=WosAPI&KeyUT=WOS:000226003600003&DestLinkType=FullRecord&DestApp=WOS_CPL	17	4	187	200	0	0.00	0	3	21			https://www.webofscience.com/api/gateway?GWVersion=2&SrcApp=publish_or_perish_0000-0003-2642-519x&SrcAuth=WosAPI&KeyUT=WOS:000226003600003&DestLinkType=RelatedRecords&DestApp=WOS_CPL
Elide Formentin, Elisabetta Barizza, Piergiorgio Stevanato, Marco Falda, Federica Massa, Danuse Tarkowska, Ondrej Novak, Fiorella Lo Schiavo	Fast Regulation of Hormone Metabolism Contributes to Salt Tolerance in Rice (<i>Oryza</i> <i>sativa</i> spp. Japonica, L.) by Inducing Specific Morpho-Physiological Responses	2018	Plants-Basel				8	2025-07-24 11:04:09	Article	10.3390/plants7030075	2223-7747	https://www.webofscience.com/api/gateway?GWVersion=2&SrcApp=publish_or_perish_0000-0003-2642-519x&SrcAuth=WosAPI&KeyUT=WOS:000448142200028&DestLinkType=FullRecord&DestApp=WOS_CPL	7	3			0	0.00	0	8	7			https://www.webofscience.com/api/gateway?GWVersion=2&SrcApp=publish_or_perish_0000-0003-2642-519x&SrcAuth=WosAPI&KeyUT=WOS:000448142200028&DestLinkType=RelatedRecords&DestApp=WOS_CPL
Francesca Finotello, Enrico Lavezzo, Paolo Fontana, Denis Peruzzo, Alessandro Albiero, Luisa Barzon, Marco Falda, Barbara Di Camillo, Stefano Toppo	Comparative analysis of algorithms for whole-genome assembly of pyrosequencing data	2012	Briefings In Bioinformatics				9	2025-07-24 11:04:09	Article	10.1093/bib/bbr063	1467-5463	https://www.webofscience.com/api/gateway?GWVersion=2&SrcApp=publish_or_perish_0000-0003-2642-519x&SrcAuth=WosAPI&KeyUT=WOS:000304536200001&DestLinkType=FullRecord&DestApp=WOS_CPL	13	3	269	280	0	0.00	0	9	13			https://www.webofscience.com/api/gateway?GWVersion=2&SrcApp=publish_or_perish_0000-0003-2642-519x&SrcAuth=WosAPI&KeyUT=WOS:000304536200001&DestLinkType=RelatedRecords&DestApp=WOS_CPL
Mattia Zaccarin, Marco Falda, Antonella Roveri, Valentina Bosello-Thavain, Luciana Bordin, Matilde Maiorino, Fulvio Ursini, Stefano Toppo	Quantitative label-free redox proteomics of reversible cysteine oxidation in red blood cell membranes	2014	Free Radical Biology And Medicine				10	2025-07-24 11:04:09	Article	10.1016/j.freeradbiomed.2014.03.013	0891-5849	https://www.webofscience.com/api/gateway?GWVersion=2&SrcApp=publish_or_perish_0000-0003-2642-519x&SrcAuth=WosAPI&KeyUT=WOS:000336891100008&DestLinkType=FullRecord&DestApp=WOS_CPL	71		90	98	0	0.00	0	8	11			https://www.webofscience.com/api/gateway?GWVersion=2&SrcApp=publish_or_perish_0000-0003-2642-519x&SrcAuth=WosAPI&KeyUT=WOS:000336891100008&DestLinkType=RelatedRecords&DestApp=WOS_CPL
Enrico Lavezzo, Stefano Toppo, Elisa Franchin, Barbara Di Camillo, Francesca Finotello, Marco Falda, Riccardo Manganelli, Giorgio Palu, Luisa Barzon	Genomic comparative analysis and gene function prediction in infectious diseases: application to the investigation of a meningitis outbreak	2013	Bmc Infectious Diseases				11	2025-07-24 11:04:09	Article	10.1186/1471-2334-13-554		https://www.webofscience.com/api/gateway?GWVersion=2&SrcApp=publish_or_perish_0000-0003-2642-519x&SrcAuth=WosAPI&KeyUT=WOS:000328906900004&DestLinkType=FullRecord&DestApp=WOS_CPL	13				0	0.00	0	9	12			https://www.webofscience.com/api/gateway?GWVersion=2&SrcApp=publish_or_perish_0000-0003-2642-519x&SrcAuth=WosAPI&KeyUT=WOS:000328906900004&DestLinkType=RelatedRecords&DestApp=WOS_CPL
S. Badaloni, M. Falda, M. Giacomin	Solving temporal over-constrained problems using fuzzy techniques	2007	Journal Of Intelligent & Fuzzy Systems				12	2025-07-24 11:04:09	Article		1064-1246	https://www.webofscience.com/api/gateway?GWVersion=2&SrcApp=publish_or_perish_0000-0003-2642-519x&SrcAuth=WosAPI&KeyUT=WOS:000248524400005&DestLinkType=FullRecord&DestApp=WOS_CPL	18	3	255	265	0	0.00	0	3	18			https://www.webofscience.com/api/gateway?GWVersion=2&SrcApp=publish_or_perish_0000-0003-2642-519x&SrcAuth=WosAPI&KeyUT=WOS:000248524400005&DestLinkType=RelatedRecords&DestApp=WOS_CPL
Silvana Badaloni, Marco Falda	Temporal-based medical diagnoses using a Fuzzy Temporal Reasoning System	2010	Journal Of Intelligent Manufacturing				13	2025-07-24 11:04:09	Article	10.1007/s10845-008-0171-8	0956-5515	https://www.webofscience.com/api/gateway?GWVersion=2&SrcApp=publish_or_perish_0000-0003-2642-519x&SrcAuth=WosAPI&KeyUT=WOS:000273788200013&DestLinkType=FullRecord&DestApp=WOS_CPL	21	1	145	153	0	0.00	0	2	15			https://www.webofscience.com/api/gateway?GWVersion=2&SrcApp=publish_or_perish_0000-0003-2642-519x&SrcAuth=WosAPI&KeyUT=WOS:000273788200013&DestLinkType=RelatedRecords&DestApp=WOS_CPL
Mattia Zaccarin, Valentina Bosello-Travain, Maria Luisa Di Paolo, Marco Falda, Matilde Maiorino, Giovanni Miotto, Stefano Piccolo, Antonella Roveri, Fulvio Ursini, Rina Venerando, Stefano Toppo	Redox status in a model of cancer stem cells	2017	Archives Of Biochemistry And Biophysics				14	2025-07-24 11:04:09	Article	10.1016/j.abb.2016.09.002	0003-9861	https://www.webofscience.com/api/gateway?GWVersion=2&SrcApp=publish_or_perish_0000-0003-2642-519x&SrcAuth=WosAPI&KeyUT=WOS:000394922300013&DestLinkType=FullRecord&DestApp=WOS_CPL	617		120	128	0	0.00	0	11	8			https://www.webofscience.com/api/gateway?GWVersion=2&SrcApp=publish_or_perish_0000-0003-2642-519x&SrcAuth=WosAPI&KeyUT=WOS:000394922300013&DestLinkType=RelatedRecords&DestApp=WOS_CPL
Renato Millioni, Serena Tolin, Gian Paolo Fadini, Marco Falda, Bas van Breukelen, Paolo Tessari, Giorgio Arrigoni	High confidence and sensitivity four-dimensional fractionation for human plasma proteome analysis	2012	Amino Acids				15	2025-07-24 11:04:09	Article	10.1007/s00726-012-1267-1	0939-4451	https://www.webofscience.com/api/gateway?GWVersion=2&SrcApp=publish_or_perish_0000-0003-2642-519x&SrcAuth=WosAPI&KeyUT=WOS:000309863400034&DestLinkType=FullRecord&DestApp=WOS_CPL	43	5	2199	2202	0	0.00	0	7	13			https://www.webofscience.com/api/gateway?GWVersion=2&SrcApp=publish_or_perish_0000-0003-2642-519x&SrcAuth=WosAPI&KeyUT=WOS:000309863400034&DestLinkType=RelatedRecords&DestApp=WOS_CPL
Luca Bianco, Samantha Riccadonna, Enrico Lavezzo, Marco Falda, Elide Formentin, Duccio Cavalieri, Stefano Toppo, Paolo Fontana	Pathway Inspector: a pathway based web application for RNAseq analysis of model and non-model organisms	2017	Bioinformatics				16	2025-07-24 11:04:09	Article	10.1093/bioinformatics/btw636	1367-4803	https://www.webofscience.com/api/gateway?GWVersion=2&SrcApp=publish_or_perish_0000-0003-2642-519x&SrcAuth=WosAPI&KeyUT=WOS:000397260800024&DestLinkType=FullRecord&DestApp=WOS_CPL	33	3	453	455	0	0.00	0	8	8			https://www.webofscience.com/api/gateway?GWVersion=2&SrcApp=publish_or_perish_0000-0003-2642-519x&SrcAuth=WosAPI&KeyUT=WOS:000397260800024&DestLinkType=RelatedRecords&DestApp=WOS_CPL
Marco Falda, Paolo Fontana, Luisa Barzon, Stefano Toppo, Enrico Lavezzo	keeSeek: searching distant non-existing words in genomes for PCR-based applications	2014	Bioinformatics				17	2025-07-24 11:04:09	Article	10.1093/bioinformatics/btu312	1367-4803	https://www.webofscience.com/api/gateway?GWVersion=2&SrcApp=publish_or_perish_0000-0003-2642-519x&SrcAuth=WosAPI&KeyUT=WOS:000342913000019&DestLinkType=FullRecord&DestApp=WOS_CPL	30	18	2662	2664	0	0.00	0	5	11			https://www.webofscience.com/api/gateway?GWVersion=2&SrcApp=publish_or_perish_0000-0003-2642-519x&SrcAuth=WosAPI&KeyUT=WOS:000342913000019&DestLinkType=RelatedRecords&DestApp=WOS_CPL
Marco Falda, Francesca Rossi, K. Brent Venable	Dynamic consistency of fuzzy conditional temporal problems	2010	Journal Of Intelligent Manufacturing				18	2025-07-24 11:04:09	Article	10.1007/s10845-008-0170-9	0956-5515	https://www.webofscience.com/api/gateway?GWVersion=2&SrcApp=publish_or_perish_0000-0003-2642-519x&SrcAuth=WosAPI&KeyUT=WOS:000273788200007&DestLinkType=FullRecord&DestApp=WOS_CPL	21	1	75	88	0	0.00	0	3	15			https://www.webofscience.com/api/gateway?GWVersion=2&SrcApp=publish_or_perish_0000-0003-2642-519x&SrcAuth=WosAPI&KeyUT=WOS:000273788200007&DestLinkType=RelatedRecords&DestApp=WOS_CPL
Marco Falda, Enrico Lavezzo, Paolo Fontana, Luca Bianco, Michele Berselli, Elide Formentin, Stefano Toppo	Eliciting the Functional Taxonomy from protein annotations and taxa	2016	Scientific Reports				19	2025-07-24 11:04:09	Article	10.1038/srep31971	2045-2322	https://www.webofscience.com/api/gateway?GWVersion=2&SrcApp=publish_or_perish_0000-0003-2642-519x&SrcAuth=WosAPI&KeyUT=WOS:000381604100001&DestLinkType=FullRecord&DestApp=WOS_CPL	6				0	0.00	0	7	9			https://www.webofscience.com/api/gateway?GWVersion=2&SrcApp=publish_or_perish_0000-0003-2642-519x&SrcAuth=WosAPI&KeyUT=WOS:000381604100001&DestLinkType=RelatedRecords&DestApp=WOS_CPL
Barbara Di Camillo, Marco Falda, Gianna Toffolo, Claudio Cobelli	SimBioNeT: A Simulator of Biological Network Topology	2012	Ieee-Acm Transactions On Computational Biology And Bioinformatics				20	2025-07-24 11:04:09	Article	10.1109/TCBB.2011.116	1545-5963	https://www.webofscience.com/api/gateway?GWVersion=2&SrcApp=publish_or_perish_0000-0003-2642-519x&SrcAuth=WosAPI&KeyUT=WOS:000299560500024&DestLinkType=FullRecord&DestApp=WOS_CPL	9	2	592	600	0	0.00	0	4	13			https://www.webofscience.com/api/gateway?GWVersion=2&SrcApp=publish_or_perish_0000-0003-2642-519x&SrcAuth=WosAPI&KeyUT=WOS:000299560500024&DestLinkType=RelatedRecords&DestApp=WOS_CPL
Giovanna Albertin, Laura Astolfi, Marco Falda, Davide Zuccon, Barbara Ravara, Helmut Kern, Giacomo Ferrante, Raffaele De Caro, Diego Guidolin	Venice marathon: participation of female Master Athletes shows a constant increase from 2003 to 2019	2021	European Journal Of Translational Myology				21	2025-07-24 11:04:09	Article	10.4081/ejtm.2021.10266	2037-7452	https://www.webofscience.com/api/gateway?GWVersion=2&SrcApp=publish_or_perish_0000-0003-2642-519x&SrcAuth=WosAPI&KeyUT=WOS:000735161400011&DestLinkType=FullRecord&DestApp=WOS_CPL	31	4			0	0.00	0	9	4			https://www.webofscience.com/api/gateway?GWVersion=2&SrcApp=publish_or_perish_0000-0003-2642-519x&SrcAuth=WosAPI&KeyUT=WOS:000735161400011&DestLinkType=RelatedRecords&DestApp=WOS_CPL
Silvana Badaloni, Marco Falda	Coping with Uncertainty in Temporal Gene Expressions Using Symbolic Representations	2010	Information Processing And Management Of Uncertainty In Knowledge-Based Systems: Applications, Pt Ii				22	2025-07-24 11:04:09	Meeting		1865-0929	https://www.webofscience.com/api/gateway?GWVersion=2&SrcApp=publish_or_perish_0000-0003-2642-519x&SrcAuth=WosAPI&KeyUT=WOS:000290642600002&DestLinkType=FullRecord&DestApp=WOS_CPL	81		11	20	0	0.00	0	2	15			https://www.webofscience.com/api/gateway?GWVersion=2&SrcApp=publish_or_perish_0000-0003-2642-519x&SrcAuth=WosAPI&KeyUT=WOS:000290642600002&DestLinkType=RelatedRecords&DestApp=WOS_CPL
Silvana Badaloni, Marco Falda, Massimiliano Giacomin	Tractable Fragments of Fuzzy Qualitative Algebra	2008	Spatial Cognition And Computation				23	2025-07-24 11:04:09	Article	10.1080/13875860801944812	1387-5868	https://www.webofscience.com/api/gateway?GWVersion=2&SrcApp=publish_or_perish_0000-0003-2642-519x&SrcAuth=WosAPI&KeyUT=WOS:000270113900008&DestLinkType=FullRecord&DestApp=WOS_CPL	8	1	150	166	0	0.00	0	3	17			https://www.webofscience.com/api/gateway?GWVersion=2&SrcApp=publish_or_perish_0000-0003-2642-519x&SrcAuth=WosAPI&KeyUT=WOS:000270113900008&DestLinkType=RelatedRecords&DestApp=WOS_CPL
Marco Falda, Francesca Rossi, K. Brent Venable	Fuzzy conditional temporal problems: Strong and weak consistency	2008	Engineering Applications Of Artificial Intelligence				24	2025-07-24 11:04:09	Article	10.1016/j.engappai.2008.03.010	0952-1976	https://www.webofscience.com/api/gateway?GWVersion=2&SrcApp=publish_or_perish_0000-0003-2642-519x&SrcAuth=WosAPI&KeyUT=WOS:000257620400005&DestLinkType=FullRecord&DestApp=WOS_CPL	21	5	710	722	0	0.00	0	3	17			https://www.webofscience.com/api/gateway?GWVersion=2&SrcApp=publish_or_perish_0000-0003-2642-519x&SrcAuth=WosAPI&KeyUT=WOS:000257620400005&DestLinkType=RelatedRecords&DestApp=WOS_CPL
S Badaloni, M Falda	Discriminating exanthematic diseases from temporal patterns of patient symptoms	2005	Artificial Intelligence In Medicine, Proceedings				25	2025-07-24 11:04:09	Article		0302-9743	https://www.webofscience.com/api/gateway?GWVersion=2&SrcApp=publish_or_perish_0000-0003-2642-519x&SrcAuth=WosAPI&KeyUT=WOS:000231040400005&DestLinkType=FullRecord&DestApp=WOS_CPL	3581		33	42	0	0.00	0	2	20			https://www.webofscience.com/api/gateway?GWVersion=2&SrcApp=publish_or_perish_0000-0003-2642-519x&SrcAuth=WosAPI&KeyUT=WOS:000231040400005&DestLinkType=RelatedRecords&DestApp=WOS_CPL
Marco Falda	Spatial Reasoning with Integrated Qualitative-Metric Fuzzy Constraint Networks	2010	Journal Of Universal Computer Science				26	2025-07-24 11:04:09	Article		0948-695X	https://www.webofscience.com/api/gateway?GWVersion=2&SrcApp=publish_or_perish_0000-0003-2642-519x&SrcAuth=WosAPI&KeyUT=WOS:000282703500002&DestLinkType=FullRecord&DestApp=WOS_CPL	16	11	1390	1409	0	0.00	0	1	15			https://www.webofscience.com/api/gateway?GWVersion=2&SrcApp=publish_or_perish_0000-0003-2642-519x&SrcAuth=WosAPI&KeyUT=WOS:000282703500002&DestLinkType=RelatedRecords&DestApp=WOS_CPL
Silvana Badaloni, Marco Falda, Francesco Sambo, Leonardo Zanini	Addressing temporally constrained Delivery Problems with the Swarm Intelligence approach	2008	Ias-10: Intelligent Autonomous Systems 10				27	2025-07-24 11:04:09	Meeting	10.3233/978-1-58603-887-8-264		https://www.webofscience.com/api/gateway?GWVersion=2&SrcApp=publish_or_perish_0000-0003-2642-519x&SrcAuth=WosAPI&KeyUT=WOS:000279575000031&DestLinkType=FullRecord&DestApp=WOS_CPL			264	271	0	0.00	0	4	17			https://www.webofscience.com/api/gateway?GWVersion=2&SrcApp=publish_or_perish_0000-0003-2642-519x&SrcAuth=WosAPI&KeyUT=WOS:000279575000031&DestLinkType=RelatedRecords&DestApp=WOS_CPL
M. Falda	Fuzzy disjunctive temporal problems with classes	2007	2007 Ieee International Conference On Fuzzy Systems, Vols 1-4				28	2025-07-24 11:04:09	Meeting		1098-7584	https://www.webofscience.com/api/gateway?GWVersion=2&SrcApp=publish_or_perish_0000-0003-2642-519x&SrcAuth=WosAPI&KeyUT=WOS:000252371500312&DestLinkType=FullRecord&DestApp=WOS_CPL			1817	1822	0	0.00	0	1	18			https://www.webofscience.com/api/gateway?GWVersion=2&SrcApp=publish_or_perish_0000-0003-2642-519x&SrcAuth=WosAPI&KeyUT=WOS:000252371500312&DestLinkType=RelatedRecords&DestApp=WOS_CPL
Silvana Badaloni, Marco Falda, Massimiliano Giacomin	Computational complexity study of fuzzy qualitative temporal algebra	2007	2007 Ieee International Conference On Fuzzy Systems, Vols 1-4				29	2025-07-24 11:04:09	Meeting		1098-7584	https://www.webofscience.com/api/gateway?GWVersion=2&SrcApp=publish_or_perish_0000-0003-2642-519x&SrcAuth=WosAPI&KeyUT=WOS:000252371500287&DestLinkType=FullRecord&DestApp=WOS_CPL			1667		0	0.00	0	3	18			https://www.webofscience.com/api/gateway?GWVersion=2&SrcApp=publish_or_perish_0000-0003-2642-519x&SrcAuth=WosAPI&KeyUT=WOS:000252371500287&DestLinkType=RelatedRecords&DestApp=WOS_CPL
Giovanna Albertin, Davide Zuccon, Diego Guidolin, Raffaele De Caro, Marco Falda, Ugo Carraro, Laura Astolfi	Performance Analysis on Trained and Recreational Runners in the Venice Marathon Events from 2007 to 2019	2023	Applied Sciences-Basel				30	2025-07-24 11:04:09	Article	10.3390/app13031982		https://www.webofscience.com/api/gateway?GWVersion=2&SrcApp=publish_or_perish_0000-0003-2642-519x&SrcAuth=WosAPI&KeyUT=WOS:000929365800001&DestLinkType=FullRecord&DestApp=WOS_CPL	13	3			0	0.00	0	7	2			https://www.webofscience.com/api/gateway?GWVersion=2&SrcApp=publish_or_perish_0000-0003-2642-519x&SrcAuth=WosAPI&KeyUT=WOS:000929365800001&DestLinkType=RelatedRecords&DestApp=WOS_CPL
M Falda	A method for characterizing tractable subsets of qualitative fuzzy temporal algebrae	2006	Fuzzy Logic And Applications				31	2025-07-24 11:04:09	Article		0302-9743	https://www.webofscience.com/api/gateway?GWVersion=2&SrcApp=publish_or_perish_0000-0003-2642-519x&SrcAuth=WosAPI&KeyUT=WOS:000236462400009&DestLinkType=FullRecord&DestApp=WOS_CPL	3849		71	80	0	0.00	0	1	19			https://www.webofscience.com/api/gateway?GWVersion=2&SrcApp=publish_or_perish_0000-0003-2642-519x&SrcAuth=WosAPI&KeyUT=WOS:000236462400009&DestLinkType=RelatedRecords&DestApp=WOS_CPL
Silvana Badaloni, Marco Falda, Paolo Massignan, Francesco Sambo	Redefinition of Mutual Information in the Fuzzy Sets Framework for Computational Genomics	2011	Computational Intelligence				32	2025-07-24 11:04:09	Meeting		1860-949X	https://www.webofscience.com/api/gateway?GWVersion=2&SrcApp=publish_or_perish_0000-0003-2642-519x&SrcAuth=WosAPI&KeyUT=WOS:000292221300005&DestLinkType=FullRecord&DestApp=WOS_CPL	343		73	83	0	0.00	0	4	14			https://www.webofscience.com/api/gateway?GWVersion=2&SrcApp=publish_or_perish_0000-0003-2642-519x&SrcAuth=WosAPI&KeyUT=WOS:000292221300005&DestLinkType=RelatedRecords&DestApp=WOS_CPL
Silvana Badaloni, Marco Falda, Paolo Massignan, Francesco Sambo	FUZZY MUTUAL INFORMATION FOR REVERSE ENGINEERING OF GENE REGULATORY NETWORKS	2009	Ijcci 2009: Proceedings Of The International Joint Conference On Computational Intelligence				33	2025-07-24 11:04:09	Meeting			https://www.webofscience.com/api/gateway?GWVersion=2&SrcApp=publish_or_perish_0000-0003-2642-519x&SrcAuth=WosAPI&KeyUT=WOS:000290915300003&DestLinkType=FullRecord&DestApp=WOS_CPL			25	30	0	0.00	0	4	16			https://www.webofscience.com/api/gateway?GWVersion=2&SrcApp=publish_or_perish_0000-0003-2642-519x&SrcAuth=WosAPI&KeyUT=WOS:000290915300003&DestLinkType=RelatedRecords&DestApp=WOS_CPL
Silvana Badaloni, Marco Falda	Classical and Fuzzy Neighborhood Relations of the Temporal Qualitative Algebra	2009	Time 2009: 16th International Symposium On Temporal Representation And Reasoning, Proceedings				34	2025-07-24 11:04:09	Meeting	10.1109/TIME.2009.10		https://www.webofscience.com/api/gateway?GWVersion=2&SrcApp=publish_or_perish_0000-0003-2642-519x&SrcAuth=WosAPI&KeyUT=WOS:000275053400018&DestLinkType=FullRecord&DestApp=WOS_CPL			147	154	0	0.00	0	2	16			https://www.webofscience.com/api/gateway?GWVersion=2&SrcApp=publish_or_perish_0000-0003-2642-519x&SrcAuth=WosAPI&KeyUT=WOS:000275053400018&DestLinkType=RelatedRecords&DestApp=WOS_CPL
Silvana Badaloni, Marco Falda	Temporal Features in Biological Warfare	2009	Fuzzy Logic And Applications				35	2025-07-24 11:04:09	Meeting		0302-9743	https://www.webofscience.com/api/gateway?GWVersion=2&SrcApp=publish_or_perish_0000-0003-2642-519x&SrcAuth=WosAPI&KeyUT=WOS:000267794300046&DestLinkType=FullRecord&DestApp=WOS_CPL	5571		368	375	0	0.00	0	2	16			https://www.webofscience.com/api/gateway?GWVersion=2&SrcApp=publish_or_perish_0000-0003-2642-519x&SrcAuth=WosAPI&KeyUT=WOS:000267794300046&DestLinkType=RelatedRecords&DestApp=WOS_CPL
